{
  "name": "IgnoreUnfixablePkgs",
  "version": "1_0",
  "comment": "Policy for basic checks",
  "id": "ba6daa06-da3b-46d3-9e22-f01f07b0489a",
  "rules": [
    {
      "action": "STOP",
      "gate": "vulnerabilities",
      "id": "80569900-d6b3-4391-b2a0-bf34cf6d813d",
      "params": [
        { "name": "package_type", "value": "all" },
        { "name": "severity_comparison", "value": ">" },
        { "name": "severity", "value": "medium" },
        { "name": "fix_available", "value": "true"}
      ],
      "trigger": "package"
    }
  ]
}
